<resources>
    <string name="app_name">Password Manager</string>

    <string name="change_master_password">Change master password</string>
    <string name="master_password_changed">Master password successful changed</string>
    <string name="passphrase">Passphrase</string>
    <string name="password">Password</string>
    <string name="new_password">New password</string>
    <string name="confirm_password">Confirm password</string>

    <string name="credit_card">Credit Card</string>
    <string name="credit_card_number">Credit Card number</string>
    <string name="credit_card_holder">Credit Card holder</string>
    <string name="expiration_date">Expiration date</string>
    <string name="expiration_date_placeholder">MM/YY</string>
    <string name="cvv">CVV</string>

    <string name="authenticate">Authenticate</string>

    <string name="enable_fingerprint_authentication">Enable fingerprint authentication</string>
    <string name="authentication_title">Authentication</string>
    <string name="authentication_description">Hold your finger against the fingerprint sensor.</string>
    <string name="use_password">Use password</string>
    <string name="no_passwords_to_show">No passwords to show</string>
    <string name="add_password">Add password</string>

    <string name="password_does_not_match">This password does not match</string>
    <string name="is_not_filled_in">This must be filled in</string>
    <string name="invalid_card_number_length">Card number bust have 16 numbers</string>
    <string name="invalid_date">Invalid date</string>

    <string name="edit">Edit</string>
    <string name="text_continue">Continue</string>

    <string name="dashboard">Dashboard</string>
    <string name="settings">Settings</string>

    <string name="security">Security</string>
    <string name="about">About</string>

    <string name="add">Add</string>
    <string name="delete">Delete</string>
    <string name="sure_delete">Are you sure you want to delete?</string>
    <string name="successful_deleted">Successful deleted</string>

    <string name="copied_data">Data copied</string>

    <string name="no">No</string>
    <string name="yes">Yes</string>

    <string name="build">Build</string>

    <string name="strength">Strength</string>
    <string name="weak">Weak</string>
    <string name="moderate">Moderate</string>
    <string name="strong">Strong</string>

    <string name="general_information">General information</string>
    <string name="password_information">Password information</string>
    <string name="credit_card_information">Credit card information</string>

    <string name="optional">Optional</string>
    <string name="required">required</string>

    <string name="options">Options</string>

    <string name="enable">Enable</string>

    <string name="title">Title</string>
    <string name="generate">Generate</string>
    <string name="username">Username</string>
    <string name="origin">Origin</string>

    <string name="more">More</string>

    <string name="third_party_dependencies">Third-Party Dependencies</string>

    <string name="regenerate">Regenerate</string>
    <string name="use">Use</string>

    <string name="use_digits">Use digits</string>
    <string name="use_uppercase_letters">Use uppercase letters</string>
    <string name="use_lowercase_letters">Use lowercase letters</string>
    <string name="use_punctuations">Use punctuations</string>

    <string name="length_param">Length %1$d</string>
    <string name="type">Type</string>

    <string name="nfc_listening">You can hold an NFC-enabled card to your phone</string>
    <string name="nfc_moved_too_fast">Do not move your card so fast</string>
    <string name="nfc_unknown_card">Your card is unknown</string>
    <string name="nfc_locked">NFC is locked on this card</string>
    <string name="nfc_enable">Enable NFC on your device</string>
    <string name="nfc_success">Card details scanned successfully</string>
</resources>