<resources xmlns:tools="http://schemas.android.com/tools">
    <!-- Base application theme. -->
    <style name="Theme.PasswortManagerFA" parent="Theme.MaterialComponents.DayNight.DarkActionBar">
        <!-- Primary brand color. -->
        <item name="colorPrimary">@color/purple_500</item>
        <item name="colorPrimaryVariant">@color/purple_700</item>
        <item name="colorOnPrimary">@color/white</item>
        <!-- Secondary brand color. -->
        <item name="colorSecondary">@color/teal_200</item>
        <item name="colorSecondaryVariant">@color/teal_700</item>
        <item name="colorOnSecondary">@color/black</item>
        <!-- Status bar color. -->
        <item name="android:statusBarColor" tools:targetApi="l">?attr/colorPrimaryVariant</item>
        <!-- Customize your theme here. -->
    </style>

    <style name="Theme.PasswortManagerFA.NoActionBar">
        <item name="windowActionBar">false</item>
        <item name="windowNoTitle">true</item>
    </style>

    <!-- Dialog style -->
    <style name="MaterialAlertDialog_red">
        <item name="shapeAppearanceOverlay">@style/Theme.PasswortManagerFA.ShapeAppearance</item>
        <item name="buttonBarNegativeButtonStyle">@style/Widget.App.Button</item>
        <item name="buttonBarPositiveButtonStyle">@style/Widget.App.Button</item>
        <item name="materialAlertDialogTitleTextStyle">@style/MaterialAlertDialog.App.Title.Text</item>
        <item name="materialAlertDialogBodyTextStyle">@style/MaterialAlertDialog.App.Body.Text</item>
    </style>

    <style name="Theme.PasswortManagerFA.ShapeAppearance">
        <item name="cornerFamily">rounded</item>
        <item name="cornerSize">16dp</item>
    </style>

    <style name="MaterialAlertDialog.App.Title.Text" parent="MaterialAlertDialog.MaterialComponents.Title.Text">
        <item name="android:textColor">@android:color/holo_red_dark</item>
    </style>

    <style name="MaterialAlertDialog.App.Body.Text" parent="MaterialAlertDialog.MaterialComponents.Body.Text">
        <item name="android:textColor">@android:color/holo_red_dark</item>
    </style>

    <style name="Widget.App.Button" parent="Widget.MaterialComponents.Button.TextButton.Dialog">
        <item name="materialThemeOverlay">@style/ThemeOverlay.App.Button</item>
    </style>

    <style name="ThemeOverlay.App.Button" parent="">
        <item name="colorPrimary">@android:color/holo_red_dark</item>
    </style>
</resources>